{
	"items": [
		{
			"name": "GambatteK2 (Gtk2)",
			"priority": 1,
			"items": [
				{
					"name": "GambatteK2",
					"if": "\"/lib/ld-linux-armhf.so.3\" -f!",
					"action": "./gambatte-k2-armel"
				},
				{
					"name": "GambatteK2",
					"if": "\"/lib/ld-linux-armhf.so.3\" -f",
					"action": "./gambatte-k2-armhf"
				},
				{
					"name": "copy game shortcut to the Library",
					"if": "\"/lib/ld-linux-armhf.so.3\" -f",
					"action": "/bin/cp -a shortcut_* /mnt/us/documents/"
				}
			]
		}
	]
}