<?xml version="1.0" encoding="UTF-8"?>
<schemalist>
  <enum id="org.gnome.glchess.PieceType">
    <value value="0" nick="pawn"/>
    <value value="1" nick="rook"/>
    <value value="2" nick="knight"/>
    <value value="3" nick="bishop"/>
    <value value="4" nick="queen"/>
    <value value="5" nick="king"/>
  </enum>

  <enum id="org.gnome.glchess.MoveFormat">
    <value value="0" nick="human"/>
    <value value="1" nick="san"/>
    <value value="2" nick="fan"/>
    <value value="3" nick="lan"/>
  </enum>

  <enum id="org.gnome.glchess.BoardSide">
    <value value="0" nick="white"/>
    <value value="1" nick="black"/>
    <value value="2" nick="human"/>
    <value value="3" nick="current"/>
    <value value="4" nick="facetoface"/>
  </enum>

  <enum id="org.gnome.glchess.Difficulty">
    <value value="0" nick="easy"/>
    <value value="1" nick="normal"/>
    <value value="2" nick="hard"/>
  </enum>

  <schema path="/apps/glchess/" id="org.gnome.glchess.Settings" gettext-domain="gnome-games">
    <key type="i" name="width">
      <default>500</default>
      <summary>The width of the window</summary>
      <description>The width of the main window in pixels.</description>
    </key>
    <key type="i" name="height">
      <default>550</default>
      <summary>The height of the window</summary>
      <description>The height of the main window in pixels.</description>
    </key>
    <key type="b" name="maximised">
      <default>false</default>
      <summary>A flag to enable maximised mode</summary>
      <description>A flag to enable maximised mode</description>
    </key>
    <key type="b" name="fullscreen">
      <default>false</default>
      <summary>A flag to enable fullscreen mode</summary>
      <description>A flag to enable fullscreen mode</description>
    </key>
    <key name="promotion-type" enum="org.gnome.glchess.PieceType">
      <default>'queen'</default>
      <summary>The piece to promote pawns to</summary>
      <description>The piece to promote to when a human player moves a pawn to the far rank</description>
    </key>
    <key type="b" name="show-3d">
      <default>false</default>
      <summary>A flag to enable 3D mode</summary>
      <description>A flag to enable 3D mode</description>
    </key>
    <key type="b" name="show-3d-smooth">
      <default>false</default>
      <summary>A flag to smooth (anti-alias) the 3D display</summary>
      <description>A flag to smooth (anti-alias) the 3D display</description>
    </key>
    <key type="s" name="piece-theme">
      <default>'simple'</default>
      <summary>The piece theme to use</summary>
      <description>The piece theme to use</description>
    </key>
    <key type="b" name="show-move-hints">
      <default>true</default>
      <summary>A flag to enable move hints</summary>
      <description>A flag to enable move hints</description>
    </key>
    <key type="b" name="show-numbering">
      <default>false</default>
      <summary>A flag to enable board numbering</summary>
      <description>A flag to enable board numbering</description>
    </key>
    <key type="b" name="show-history">
      <default>true</default>
      <summary>A flag to enable the move history browser</summary>
      <description>A flag to enable the move history browser</description>
    </key>
    <key type="b" name="show-toolbar">
      <default>false</default>
      <summary>A flag to enable the toolbar</summary>
      <description>A flag to enable the toolbar</description>
    </key>
    <key type="s" name="save-directory">
      <default>''</default>
      <summary>The directory to open the save game dialog in</summary>
      <description>The directory to open the save game dialog in</description>
    </key>
    <key type="s" name="load-directory">
      <default>''</default>
      <summary>The directory to open the load game dialog in</summary>
      <description>The directory to open the load game dialog in</description>
    </key>
    <key name="move-format" enum="org.gnome.glchess.MoveFormat">
      <default>'human'</default>
      <summary>The format to display moves in</summary>
      <description>The format to display moves in</description>
    </key>
    <key name="board-side" enum="org.gnome.glchess.BoardSide">
      <default>'human'</default>
      <summary>The side of the board that is in the foreground</summary>
      <description>The side of the board that is in the foreground</description>
    </key>
    <key type="i" name="duration">
      <default>0</default>
      <summary>The duration of a game in seconds (0 for no limit)</summary>
      <description>The duration of a game in seconds (0 for no limit)</description>
    </key>
    <key type="b" name="play-as-white">
      <default>true</default>
      <summary>true if the human player is playing white</summary>
      <description>true if the human player is playing white</description>
    </key>
    <key type="s" name="opponent">
      <default>''</default>
      <summary>The opponent player</summary>
      <description>Can be 'human' (play against another human player), '' (use the first available chess engine) or the name of a specific engine to play against</description>
    </key>
    <key name="difficulty" enum="org.gnome.glchess.Difficulty">
      <default>'easy'</default>
      <summary>Difficulty of the opponent chess engine</summary>
      <description>Difficulty of the opponent chess engine</description>
    </key>
  </schema>
</schemalist>